<odoo>
    <data noupdate="1">
        <!-- Define a New Category -->
        <record id="module_category_call_center" model="ir.module.category">
            <field name="name">Call Center</field>
            <field name="sequence">10</field>
        </record>

        <!-- Define the Call Center Group -->
        <record id="group_call_center" model="res.groups">
            <field name="name">Call Center</field>
            <field name="category_id" ref="crm_custom_menu.module_category_call_center"/>
            <field name="comment">This group is for Call Center users.</field>
        </record>

        <!-- Optional: Assign Access Rights to the Call Center Group -->
        <record id="crm_callcenter_access" model="ir.model.access">
            <field name="name">crm.callcenter.access</field>
            <field name="model_id" ref="model_crm_callcenter"/>
            <field name="group_id" ref="crm_custom_menu.group_call_center"/>
            <field name="perm_read" eval="1"/>
            <field name="perm_write" eval="1"/>
            <field name="perm_create" eval="1"/>
            <field name="perm_unlink" eval="0"/>
        </record>
        <!-- record rule-->
        <record id="crm_callcenter_user_rule" model="ir.rule">
            <field name="name">Website Records: Only Creator Can See</field>
            <field name="model_id" ref="model_crm_callcenter"/>
            <field name="domain_force">[('create_uid', '=', user.id)]</field>
            <field name="groups" eval="[(4, ref('base.group_user'))]"/>
        </record>
     
    </data>
</odoo>